Title,Count,Indices
array,1506,"[0, 3, 10, 14, 15, 17, 25, 26, 30, 32, 33, 34, 35, 36, 38, 39, 40, 41, 44, 45, 46, 47, 48, 50, 52, 53, 54, 55, 56, 58, 62, 63, 65, 67, 72, 73, 74, 77, 78, 79, 80, 83, 84, 87, 89, 104, 105, 107, 117, 118, 119, 120, 121, 122, 127, 129, 133, 134, 135, 136, 138, 139, 148, 149, 151, 152, 153, 156, 157, 160, 162, 166, 171, 179, 180, 189, 191, 195, 200, 203, 204, 206, 207, 208, 209, 210, 211, 212, 219, 220, 229, 230, 231, 236, 240, 242, 243, 247, 248, 249, 250, 256, 258, 259, 261, 262, 264, 265, 266, 268, 270, 271, 272, 274, 276, 277, 280, 281, 282, 290, 291, 292, 294, 297, 300, 303, 306, 307, 308, 309, 310, 313, 320, 322, 325, 328, 332, 335, 336, 338, 340, 341, 343, 344, 345, 347, 350, 356, 357, 362, 365, 366, 367, 371, 372, 373, 374, 375, 376, 381, 382, 388, 389, 390, 391, 393, 396, 400, 401, 403, 405, 406, 407, 408, 409, 410, 411, 413, 414, 416, 425, 426, 430, 431, 432, 433, 434, 435, 436, 438, 442, 443, 445, 447, 452, 453, 458, 459, 462, 463, 467, 470, 475, 481, 484, 485, 489, 493, 495, 499, 500, 502, 505, 507, 508, 510, 512, 515, 516, 517, 518, 520, 525, 528, 529, 530, 533, 534, 540, 541, 542, 546, 548, 554, 555, 556, 559, 561, 562, 563, 567, 568, 569, 572, 574, 575, 577, 578, 579, 580, 581, 582, 583, 587, 589, 591, 592, 595, 596, 597, 599, 600, 601, 602, 603, 604, 605, 609, 613, 615, 617, 618, 621, 622, 624, 627, 628, 632, 635, 638, 640, 641, 644, 646, 648, 649, 650, 651, 652, 654, 655, 656, 657, 658, 660, 662, 664, 665, 666, 667, 668, 670, 671, 672, 677, 678, 680, 684, 685, 688, 690, 691, 693, 694, 695, 696, 697, 698, 702, 705, 706, 707, 709, 712, 715, 716, 718, 719, 720, 722, 724, 726, 728, 730, 733, 734, 735, 736, 737, 738, 741, 743, 745, 747, 749, 750, 752, 753, 754, 755, 756, 757, 759, 760, 761, 763, 767, 768, 769, 772, 773, 774, 776, 777, 779, 782, 784, 786, 787, 788, 789, 790, 791, 793, 795, 797, 798, 799, 800, 801, 802, 804, 805, 806, 807, 808, 811, 814, 818, 819, 820, 821, 822, 823, 825, 827, 828, 830, 831, 834, 835, 837, 839, 840, 841, 842, 844, 845, 846, 847, 849, 850, 852, 853, 855, 856, 858, 859, 863, 864, 865, 868, 869, 872, 874, 875, 876, 877, 879, 880, 881, 882, 884, 885, 888, 891, 893, 894, 896, 897, 898, 899, 904, 905, 906, 913, 914, 915, 917, 918, 919, 923, 926, 927, 933, 935, 936, 937, 939, 940, 943, 944, 947, 949, 955, 957, 959, 962, 963, 968, 969, 971, 973, 974, 977, 981, 983, 987, 990, 992, 993, 994, 997, 998, 999, 1002, 1003, 1005, 1008, 1011, 1013, 1015, 1016, 1017, 1018, 1019, 1021, 1022, 1023, 1024, 1025, 1027, 1029, 1033, 1034, 1035, 1037, 1038, 1039, 1042, 1043, 1044, 1045, 1047, 1048, 1049, 1050, 1052, 1054, 1055, 1057, 1058, 1060, 1061, 1070, 1072, 1075, 1076, 1077, 1079, 1081, 1082, 1083, 1085, 1088, 1090, 1091, 1094, 1095, 1096, 1097, 1098, 1099, 1100, 1106, 1107, 1108, 1110, 1116, 1121, 1122, 1124, 1125, 1126, 1128, 1129, 1130, 1131, 1134, 1135, 1141, 1142, 1145, 1147, 1148, 1151, 1156, 1160, 1161, 1162, 1163, 1166, 1167, 1168, 1169, 1170, 1171, 1172, 1174, 1178, 1179, 1181, 1182, 1186, 1187, 1190, 1191, 1192, 1194, 1195, 1196, 1197, 1198, 1199, 1200, 1201, 1202, 1203, 1204, 1205, 1209, 1210, 1212, 1214, 1217, 1218, 1219, 1220, 1221, 1222, 1225, 1226, 1228, 1230, 1231, 1236, 1238, 1240, 1242, 1246, 1247, 1248, 1249, 1250, 1256, 1257, 1258, 1260, 1264, 1265, 1266, 1267, 1268, 1269, 1270, 1271, 1272, 1273, 1274, 1276, 1277, 1279, 1280, 1283, 1284, 1285, 1288, 1289, 1290, 1291, 1294, 1295, 1296, 1297, 1299, 1301, 1302, 1303, 1304, 1306, 1312, 1313, 1318, 1319, 1320, 1321, 1322, 1323, 1325, 1326, 1328, 1329, 1331, 1332, 1333, 1335, 1336, 1337, 1339, 1340, 1341, 1343, 1346, 1348, 1349, 1353, 1354, 1355, 1356, 1357, 1358, 1360, 1362, 1364, 1365, 1366, 1367, 1370, 1371, 1374, 1375, 1376, 1377, 1378, 1380, 1382, 1383, 1384, 1385, 1386, 1387, 1388, 1391, 1393, 1395, 1396, 1397, 1398, 1399, 1400, 1403, 1404, 1405, 1406, 1409, 1413, 1414, 1416, 1417, 1419, 1420, 1423, 1427, 1430, 1431, 1432, 1434, 1435, 1437, 1438, 1439, 1440, 1441, 1444, 1446, 1448, 1452, 1453, 1457, 1458, 1459, 1460, 1462, 1464, 1465, 1468, 1469, 1470, 1471, 1472, 1473, 1474, 1475, 1476, 1477, 1479, 1480, 1481, 1484, 1485, 1486, 1488, 1490, 1493, 1494, 1495, 1498, 1499, 1500, 1501, 1505, 1506, 1507, 1509, 1512, 1514, 1517, 1518, 1519, 1522, 1523, 1525, 1526, 1528, 1530, 1531, 1532, 1535, 1536, 1538, 1541, 1542, 1544, 1546, 1547, 1548, 1549, 1552, 1553, 1555, 1557, 1559, 1560, 1566, 1567, 1568, 1570, 1571, 1572, 1574, 1575, 1576, 1578, 1580, 1582, 1583, 1585, 1586, 1588, 1590, 1591, 1593, 1596, 1600, 1601, 1602, 1603, 1604, 1605, 1606, 1608, 1609, 1610, 1611, 1612, 1613, 1614, 1615, 1617, 1620, 1621, 1622, 1623, 1624, 1625, 1626, 1628, 1629, 1630, 1631, 1632, 1633, 1635, 1637, 1638, 1640, 1641, 1643, 1644, 1646, 1647, 1649, 1650, 1654, 1655, 1656, 1657, 1658, 1659, 1660, 1662, 1666, 1667, 1670, 1671, 1672, 1676, 1677, 1678, 1680, 1682, 1683, 1684, 1685, 1686, 1688, 1692, 1693, 1694, 1697, 1698, 1699, 1700, 1701, 1702, 1703, 1704, 1705, 1710, 1711, 1713, 1714, 1718, 1719, 1720, 1721, 1722, 1723, 1726, 1727, 1728, 1729, 1730, 1732, 1733, 1734, 1735, 1738, 1742, 1744, 1745, 1747, 1750, 1751, 1752, 1753, 1756, 1760, 1761, 1763, 1764, 1765, 1766, 1770, 1771, 1772, 1773, 1774, 1775, 1777, 1779, 1781, 1783, 1784, 1785, 1786, 1787, 1788, 1790, 1794, 1795, 1796, 1799, 1800, 1803, 1805, 1806, 1808, 1809, 1810, 1811, 1812, 1813, 1814, 1815, 1816, 1817, 1818, 1820, 1821, 1826, 1828, 1829, 1830, 1831, 1832, 1833, 1836, 1837, 1838, 1840, 1845, 1846, 1847, 1848, 1849, 1852, 1853, 1854, 1855, 1856, 1857, 1858, 1862, 1865, 1867, 1869, 1870, 1872, 1874, 1876, 1877, 1878, 1879, 1883, 1884, 1885, 1886, 1887, 1888, 1890, 1892, 1894, 1896, 1897, 1900, 1901, 1902, 1903, 1904, 1905, 1906, 1908, 1914, 1915, 1916, 1919, 1920, 1922, 1923, 1924, 1926, 1927, 1928, 1930, 1931, 1932, 1934, 1935, 1937, 1938, 1939, 1943, 1944, 1945, 1946, 1947, 1950, 1951, 1953, 1956, 1957, 1959, 1961, 1962, 1963, 1964, 1965, 1967, 1968, 1969, 1970, 1971, 1972, 1973, 1974, 1975, 1976, 1977, 1979, 1980, 1981, 1982, 1983, 1984, 1986, 1989, 1992, 1993, 1997, 2003, 2005, 2008, 2009, 2010, 2011, 2012, 2013, 2014, 2015, 2016, 2019, 2020, 2021, 2024, 2026, 2027, 2029, 2034, 2035, 2036, 2037, 2039, 2040, 2041, 2042, 2043, 2044, 2045, 2046, 2049, 2051, 2052, 2054, 2055, 2056, 2057, 2058, 2059, 2060, 2061, 2062, 2063, 2064, 2065, 2066, 2069, 2070, 2071, 2072, 2074, 2075, 2076, 2077, 2078, 2079, 2082, 2083, 2086, 2087, 2088, 2089, 2090, 2091, 2093, 2094, 2095, 2097, 2098, 2099, 2101, 2102, 2103, 2104, 2105, 2106, 2109, 2110, 2111, 2112, 2113, 2114, 2115, 2132, 2133, 2136, 2137, 2139, 2145, 2146, 2147, 2148, 2149, 2150, 2151, 2152, 2153, 2158, 2160, 2161, 2163, 2164, 2165, 2166, 2167, 2168, 2169, 2181, 2182, 2183, 2184, 2186, 2188, 2191, 2192, 2203, 2204, 2205, 2207, 2208, 2210, 2211, 2212, 2213, 2215, 2216, 2217, 2219, 2220, 2221, 2222, 2223, 2224, 2225, 2226, 2228, 2230, 2231, 2232, 2233, 2234, 2235, 2236, 2237, 2239, 2241, 2242, 2243, 2245, 2246, 2251, 2252, 2254, 2255, 2256, 2257, 2259, 2260, 2261, 2263, 2265, 2267, 2268, 2271, 2272, 2275, 2279, 2280, 2281, 2283, 2285, 2286, 2287, 2289, 2290, 2291, 2292, 2294, 2295, 2297, 2298, 2299, 2301, 2302, 2303, 2321, 2323, 2324, 2325, 2326, 2327, 2328, 2330, 2331, 2332, 2333, 2334, 2336, 2338, 2339, 2340, 2341, 2342, 2343, 2344, 2347, 2351, 2352, 2353, 2354, 2355, 2359, 2360, 2361, 2362, 2363, 2364, 2366, 2368, 2369, 2371, 2372, 2374, 2376, 2377, 2378, 2379, 2380, 2381, 2382, 2383, 2384, 2385, 2386, 2388, 2389, 2390, 2391, 2392, 2396, 2397, 2400, 2401, 2402, 2404, 2408, 2409, 2410, 2411, 2417, 2419, 2420, 2421, 2422, 2423, 2424, 2426, 2428, 2429, 2430, 2431, 2432, 2433, 2434, 2435, 2436, 2437, 2438, 2439, 2440, 2441, 2442, 2443, 2444, 2445, 2446, 2447, 2448, 2449, 2450, 2451, 2452, 2453, 2454, 2455, 2456, 2457, 2459, 2463, 2466, 2467, 2468, 2469, 2470, 2471, 2474, 2475, 2476, 2478, 2479, 2481, 2482, 2483, 2485, 2486, 2487, 2490, 2492, 2493, 2496, 2497, 2499, 2503, 2504, 2505, 2507, 2509, 2510, 2511, 2512, 2513, 2514, 2516, 2517, 2518, 2519, 2520, 2522, 2523, 2525, 2527, 2529, 2530, 2531, 2533, 2534, 2535, 2536, 2537, 2538, 2539, 2540, 2541, 2542, 2543, 2544, 2545, 2546, 2547, 2548, 2549, 2550, 2552, 2553, 2554, 2555, 2558, 2559, 2561, 2562, 2563, 2567, 2568, 2572, 2573, 2574, 2576, 2577, 2578, 2579, 2581, 2582, 2583, 2584, 2585, 2587, 2588, 2589, 2590, 2591, 2592, 2594, 2596, 2597, 2598, 2599, 2600, 2604, 2606, 2607, 2608, 2610, 2611, 2612, 2613, 2614, 2615, 2616, 2617, 2618, 2619, 2620, 2621, 2622, 2625, 2626, 2633, 2635, 2636, 2637, 2638, 2639, 2641, 2644, 2647, 2648]"
string,635,"[2, 4, 5, 7, 9, 11, 12, 13, 16, 19, 21, 27, 29, 31, 37, 42, 43, 48, 57, 64, 66, 67, 70, 71, 75, 78, 86, 90, 92, 96, 114, 124, 125, 126, 130, 131, 138, 139, 150, 158, 159, 161, 163, 171, 178, 196, 199, 202, 203, 205, 215, 218, 232, 233, 234, 241, 246, 251, 254, 255, 257, 260, 267, 268, 278, 282, 288, 289, 312, 314, 316, 317, 318, 321, 323, 324, 328, 331, 337, 339, 342, 346, 348, 349, 354, 355, 359, 363, 368, 370, 378, 384, 385, 386, 388, 390, 397, 398, 402, 411, 422, 424, 428, 429, 430, 432, 439, 440, 442, 444, 450, 454, 455, 461, 464, 471, 478, 479, 485, 490, 493, 513, 514, 519, 520, 521, 527, 532, 543, 544, 545, 547, 551, 556, 557, 560, 571, 573, 580, 581, 582, 585, 588, 593, 600, 603, 605, 610, 612, 616, 619, 620, 623, 630, 637, 638, 642, 649, 651, 654, 656, 661, 664, 665, 666, 669, 673, 675, 676, 678, 683, 684, 687, 688, 689, 693, 699, 701, 704, 725, 729, 735, 738, 744, 747, 748, 761, 762, 766, 770, 771, 774, 781, 782, 785, 787, 788, 789, 798, 800, 805, 811, 817, 826, 829, 833, 835, 847, 848, 861, 866, 868, 873, 877, 886, 889, 892, 893, 900, 903, 908, 909, 911, 916, 920, 924, 925, 928, 942, 946, 950, 952, 954, 957, 960, 962, 963, 968, 969, 975, 976, 983, 988, 989, 996, 1003, 1004, 1008, 1010, 1012, 1018, 1025, 1030, 1036, 1046, 1055, 1056, 1059, 1063, 1067, 1070, 1074, 1078, 1092, 1101, 1103, 1108, 1111, 1112, 1115, 1132, 1136, 1137, 1139, 1143, 1144, 1147, 1149, 1153, 1154, 1155, 1156, 1157, 1159, 1165, 1167, 1175, 1176, 1180, 1181, 1183, 1184, 1188, 1209, 1216, 1223, 1224, 1229, 1235, 1239, 1242, 1243, 1245, 1251, 1252, 1253, 1254, 1255, 1262, 1275, 1278, 1280, 1286, 1292, 1293, 1296, 1301, 1308, 1310, 1316, 1317, 1320, 1327, 1328, 1334, 1338, 1342, 1346, 1347, 1351, 1359, 1364, 1369, 1373, 1379, 1381, 1390, 1407, 1408, 1415, 1418, 1422, 1425, 1426, 1429, 1433, 1434, 1436, 1437, 1443, 1445, 1450, 1455, 1463, 1465, 1467, 1468, 1471, 1482, 1483, 1489, 1491, 1496, 1497, 1503, 1508, 1511, 1513, 1516, 1520, 1521, 1527, 1533, 1534, 1535, 1539, 1540, 1545, 1550, 1558, 1561, 1565, 1569, 1573, 1574, 1576, 1581, 1584, 1585, 1587, 1590, 1595, 1598, 1601, 1605, 1607, 1616, 1618, 1624, 1627, 1631, 1633, 1634, 1636, 1639, 1645, 1648, 1652, 1656, 1658, 1659, 1663, 1664, 1665, 1668, 1674, 1680, 1681, 1690, 1696, 1700, 1701, 1704, 1705, 1706, 1709, 1712, 1713, 1716, 1718, 1722, 1724, 1731, 1739, 1740, 1747, 1748, 1759, 1761, 1762, 1768, 1769, 1778, 1780, 1782, 1784, 1791, 1792, 1793, 1796, 1798, 1807, 1810, 1815, 1819, 1822, 1823, 1825, 1827, 1831, 1835, 1839, 1840, 1843, 1844, 1850, 1851, 1853, 1858, 1859, 1861, 1863, 1871, 1881, 1885, 1891, 1907, 1910, 1912, 1913, 1914, 1917, 1921, 1922, 1928, 1933, 1936, 1941, 1943, 1944, 1948, 1955, 1958, 1960, 1968, 1972, 1973, 1977, 1987, 1991, 1995, 1998, 1999, 2001, 2004, 2008, 2016, 2021, 2023, 2024, 2025, 2030, 2038, 2050, 2061, 2066, 2067, 2075, 2077, 2088, 2105, 2108, 2138, 2154, 2163, 2174, 2175, 2182, 2185, 2187, 2190, 2193, 2202, 2206, 2213, 2215, 2227, 2236, 2238, 2241, 2247, 2248, 2253, 2262, 2265, 2269, 2273, 2274, 2276, 2278, 2284, 2293, 2322, 2325, 2326, 2329, 2335, 2337, 2353, 2356, 2357, 2360, 2365, 2367, 2370, 2373, 2390, 2391, 2393, 2394, 2395, 2399, 2403, 2405, 2407, 2412, 2414, 2416, 2425, 2427, 2430, 2436, 2437, 2439, 2454, 2458, 2460, 2461, 2462, 2464, 2467, 2477, 2480, 2484, 2488, 2489, 2500, 2501, 2502, 2505, 2506, 2508, 2521, 2524, 2526, 2528, 2556, 2557, 2559, 2560, 2566, 2570, 2571, 2575, 2585, 2593, 2595, 2596, 2602, 2605, 2609, 2619, 2620, 2621, 2623, 2624, 2627, 2628, 2630, 2631, 2639, 2643, 2645, 2646, 2648]"
hash-table,541,"[0, 2, 11, 12, 16, 29, 35, 36, 40, 48, 72, 75, 104, 105, 125, 126, 127, 132, 137, 138, 139, 140, 141, 145, 148, 155, 159, 162, 178, 193, 196, 199, 208, 210, 220, 233, 239, 240, 251, 255, 282, 290, 291, 292, 295, 309, 310, 312, 316, 318, 324, 327, 337, 347, 348, 349, 353, 354, 359, 362, 366, 367, 370, 373, 376, 379, 396, 403, 408, 411, 418, 427, 430, 431, 433, 438, 439, 453, 458, 464, 467, 481, 485, 493, 499, 508, 517, 520, 523, 524, 529, 543, 544, 555, 557, 561, 568, 569, 572, 580, 581, 585, 593, 596, 600, 603, 605, 612, 616, 619, 620, 627, 637, 638, 649, 656, 660, 662, 664, 665, 667, 668, 673, 678, 684, 685, 691, 704, 708, 710, 714, 718, 719, 729, 733, 734, 735, 738, 740, 749, 756, 759, 761, 768, 769, 773, 774, 784, 792, 797, 798, 799, 802, 804, 806, 811, 815, 819, 826, 827, 832, 837, 841, 842, 846, 847, 855, 860, 872, 881, 893, 899, 904, 906, 909, 914, 927, 933, 934, 935, 937, 942, 949, 954, 957, 962, 963, 964, 965, 968, 969, 975, 983, 987, 993, 999, 1011, 1020, 1027, 1033, 1035, 1045, 1046, 1058, 1077, 1083, 1090, 1091, 1092, 1093, 1100, 1101, 1107, 1108, 1111, 1112, 1126, 1134, 1136, 1138, 1139, 1149, 1156, 1167, 1172, 1173, 1181, 1187, 1188, 1201, 1204, 1209, 1210, 1216, 1217, 1228, 1234, 1239, 1251, 1253, 1256, 1268, 1279, 1290, 1293, 1298, 1301, 1316, 1321, 1325, 1327, 1329, 1334, 1341, 1342, 1343, 1357, 1360, 1364, 1374, 1386, 1388, 1398, 1404, 1408, 1412, 1413, 1416, 1429, 1439, 1443, 1450, 1455, 1456, 1463, 1465, 1469, 1472, 1483, 1502, 1509, 1516, 1530, 1534, 1542, 1547, 1550, 1561, 1563, 1565, 1568, 1569, 1570, 1571, 1576, 1601, 1610, 1612, 1617, 1620, 1621, 1622, 1623, 1626, 1633, 1635, 1640, 1642, 1649, 1656, 1664, 1668, 1678, 1680, 1688, 1692, 1696, 1705, 1710, 1711, 1718, 1720, 1722, 1734, 1747, 1750, 1759, 1762, 1765, 1771, 1774, 1777, 1785, 1794, 1796, 1808, 1811, 1812, 1814, 1820, 1821, 1822, 1825, 1831, 1833, 1839, 1840, 1843, 1849, 1853, 1858, 1859, 1871, 1880, 1883, 1884, 1887, 1889, 1890, 1891, 1892, 1893, 1894, 1896, 1900, 1901, 1902, 1904, 1905, 1907, 1909, 1917, 1918, 1924, 1928, 1931, 1932, 1933, 1944, 1947, 1948, 1958, 1964, 1965, 1972, 1974, 1977, 1981, 1984, 1992, 2003, 2005, 2011, 2013, 2014, 2016, 2018, 2021, 2023, 2025, 2029, 2033, 2038, 2042, 2044, 2051, 2052, 2057, 2063, 2066, 2072, 2083, 2086, 2090, 2094, 2098, 2099, 2104, 2105, 2109, 2113, 2134, 2145, 2148, 2152, 2158, 2159, 2167, 2182, 2186, 2188, 2190, 2192, 2201, 2204, 2213, 2216, 2217, 2224, 2226, 2227, 2228, 2235, 2236, 2237, 2246, 2251, 2256, 2257, 2267, 2268, 2274, 2275, 2276, 2279, 2281, 2286, 2287, 2297, 2298, 2303, 2323, 2327, 2334, 2336, 2352, 2353, 2355, 2365, 2367, 2370, 2372, 2374, 2379, 2380, 2389, 2393, 2394, 2395, 2396, 2402, 2404, 2411, 2414, 2417, 2422, 2430, 2433, 2437, 2438, 2440, 2450, 2454, 2457, 2458, 2460, 2462, 2464, 2466, 2488, 2489, 2493, 2499, 2501, 2502, 2505, 2506, 2508, 2514, 2516, 2517, 2518, 2520, 2522, 2526, 2530, 2531, 2536, 2537, 2538, 2561, 2566, 2567, 2577, 2581, 2598, 2600, 2603, 2617, 2621, 2623, 2624, 2630, 2631, 2635, 2636, 2639, 2641, 2644, 2646, 2648]"
dynamic-programming,465,"[4, 9, 21, 31, 41, 43, 44, 52, 54, 61, 62, 63, 69, 71, 84, 86, 90, 94, 95, 96, 114, 117, 118, 119, 120, 121, 122, 123, 130, 131, 138, 139, 151, 166, 179, 189, 204, 212, 224, 232, 239, 245, 256, 262, 264, 265, 271, 276, 283, 284, 287, 294, 296, 300, 305, 306, 307, 321, 325, 326, 332, 338, 340, 343, 356, 365, 377, 383, 384, 385, 388, 389, 390, 401, 402, 406, 419, 422, 424, 426, 434, 445, 447, 451, 452, 468, 471, 486, 506, 512, 513, 518, 519, 522, 532, 540, 545, 553, 554, 556, 562, 573, 575, 578, 588, 596, 597, 601, 613, 633, 634, 636, 638, 645, 646, 650, 653, 658, 663, 668, 673, 679, 682, 683, 690, 692, 716, 718, 722, 724, 732, 739, 743, 747, 748, 752, 758, 763, 765, 771, 776, 780, 785, 788, 801, 805, 809, 813, 820, 823, 828, 841, 845, 857, 859, 869, 870, 872, 876, 880, 884, 888, 893, 894, 916, 923, 936, 939, 941, 943, 944, 946, 950, 953, 959, 973, 974, 977, 993, 995, 998, 1001, 1005, 1018, 1021, 1026, 1029, 1030, 1039, 1050, 1059, 1067, 1072, 1080, 1081, 1085, 1094, 1102, 1106, 1113, 1114, 1127, 1128, 1135, 1137, 1141, 1145, 1150, 1154, 1158, 1162, 1166, 1174, 1178, 1186, 1190, 1194, 1198, 1201, 1202, 1206, 1214, 1215, 1222, 1227, 1238, 1239, 1240, 1245, 1249, 1257, 1261, 1269, 1271, 1273, 1277, 1280, 1294, 1295, 1307, 1311, 1314, 1318, 1327, 1328, 1330, 1332, 1338, 1339, 1340, 1344, 1351, 1354, 1362, 1367, 1370, 1371, 1375, 1396, 1400, 1406, 1415, 1417, 1419, 1423, 1435, 1436, 1438, 1447, 1448, 1458, 1470, 1477, 1502, 1510, 1513, 1514, 1519, 1523, 1524, 1527, 1533, 1537, 1546, 1551, 1559, 1562, 1567, 1575, 1580, 1583, 1597, 1598, 1602, 1606, 1607, 1611, 1614, 1618, 1619, 1622, 1631, 1643, 1655, 1657, 1663, 1665, 1681, 1683, 1693, 1702, 1726, 1731, 1744, 1748, 1752, 1764, 1780, 1788, 1791, 1822, 1825, 1826, 1830, 1856, 1857, 1860, 1861, 1862, 1866, 1868, 1869, 1873, 1874, 1882, 1906, 1907, 1911, 1913, 1929, 1935, 1946, 1955, 1959, 1962, 1983, 1985, 1991, 1995, 1999, 2013, 2027, 2030, 2043, 2051, 2055, 2059, 2073, 2074, 2075, 2083, 2087, 2098, 2105, 2115, 2138, 2139, 2161, 2166, 2169, 2182, 2183, 2187, 2188, 2193, 2211, 2212, 2214, 2215, 2219, 2227, 2230, 2231, 2239, 2240, 2244, 2248, 2252, 2254, 2263, 2264, 2267, 2272, 2283, 2284, 2288, 2296, 2304, 2322, 2325, 2326, 2327, 2335, 2338, 2339, 2342, 2343, 2346, 2347, 2350, 2362, 2363, 2373, 2387, 2391, 2398, 2399, 2403, 2406, 2434, 2435, 2447, 2455, 2459, 2471, 2487, 2490, 2494, 2495, 2506, 2510, 2511, 2515, 2523, 2530, 2531, 2534, 2535, 2538, 2542, 2543, 2546, 2549, 2550, 2559, 2562, 2568, 2572, 2580, 2587, 2588, 2591, 2592, 2594, 2595, 2607, 2608, 2615, 2618, 2619, 2620, 2627, 2639, 2640, 2643]"
math,462,"[1, 6, 8, 11, 12, 28, 42, 47, 49, 59, 61, 65, 66, 68, 69, 88, 95, 148, 149, 159, 161, 163, 164, 180, 193, 195, 214, 215, 218, 222, 224, 232, 235, 238, 239, 240, 241, 245, 246, 252, 265, 269, 273, 281, 286, 287, 296, 298, 299, 300, 301, 302, 305, 309, 310, 311, 313, 319, 325, 327, 329, 334, 339, 342, 348, 361, 364, 366, 372, 377, 381, 383, 387, 393, 394, 395, 399, 401, 404, 409, 415, 417, 419, 427, 431, 435, 440, 442, 452, 454, 461, 475, 479, 480, 484, 505, 509, 514, 522, 534, 535, 537, 539, 546, 572, 586, 594, 607, 611, 619, 622, 625, 626, 627, 628, 634, 635, 639, 650, 653, 655, 657, 674, 681, 682, 685, 688, 703, 711, 714, 722, 723, 728, 732, 736, 737, 744, 747, 751, 753, 755, 758, 759, 765, 772, 777, 784, 797, 802, 808, 809, 815, 817, 818, 821, 834, 836, 841, 851, 857, 860, 862, 870, 875, 878, 882, 885, 886, 903, 905, 917, 921, 922, 940, 941, 944, 952, 967, 972, 982, 992, 1001, 1002, 1006, 1007, 1010, 1011, 1013, 1015, 1023, 1028, 1032, 1040, 1044, 1052, 1055, 1064, 1069, 1076, 1087, 1089, 1096, 1102, 1103, 1105, 1130, 1138, 1140, 1145, 1152, 1164, 1172, 1176, 1182, 1194, 1202, 1208, 1213, 1227, 1228, 1229, 1231, 1233, 1237, 1238, 1259, 1267, 1269, 1273, 1275, 1279, 1288, 1306, 1314, 1315, 1319, 1330, 1332, 1335, 1361, 1365, 1366, 1368, 1370, 1389, 1400, 1406, 1410, 1412, 1421, 1426, 1432, 1440, 1442, 1458, 1464, 1466, 1467, 1469, 1474, 1475, 1476, 1480, 1482, 1486, 1487, 1490, 1504, 1506, 1507, 1510, 1514, 1518, 1524, 1533, 1539, 1540, 1551, 1554, 1556, 1558, 1577, 1579, 1592, 1600, 1611, 1615, 1617, 1631, 1637, 1638, 1641, 1645, 1653, 1665, 1679, 1694, 1702, 1707, 1708, 1713, 1725, 1731, 1741, 1743, 1746, 1749, 1754, 1755, 1757, 1760, 1770, 1772, 1787, 1790, 1801, 1804, 1812, 1825, 1827, 1837, 1860, 1865, 1882, 1886, 1888, 1897, 1901, 1903, 1911, 1925, 1929, 1936, 1940, 1952, 1963, 1965, 1966, 1969, 1976, 1978, 1988, 1989, 1996, 2000, 2017, 2022, 2023, 2028, 2029, 2031, 2032, 2034, 2040, 2045, 2047, 2048, 2052, 2053, 2068, 2074, 2077, 2080, 2081, 2084, 2086, 2092, 2098, 2099, 2100, 2101, 2106, 2112, 2143, 2144, 2146, 2166, 2176, 2184, 2193, 2201, 2209, 2214, 2217, 2219, 2222, 2229, 2243, 2249, 2250, 2258, 2260, 2264, 2266, 2270, 2276, 2277, 2278, 2282, 2284, 2292, 2293, 2296, 2320, 2348, 2349, 2350, 2358, 2364, 2365, 2367, 2371, 2377, 2379, 2380, 2382, 2399, 2410, 2412, 2418, 2420, 2421, 2423, 2438, 2441, 2456, 2461, 2465, 2472, 2473, 2474, 2475, 2485, 2486, 2493, 2514, 2515, 2532, 2533, 2540, 2565, 2570, 2573, 2574, 2576, 2587, 2588, 2595, 2597, 2601, 2603, 2605, 2609, 2612, 2617, 2622, 2625, 2629, 2632, 2636, 2640, 2647]"
sorting,362,"[14, 15, 17, 48, 55, 74, 87, 146, 147, 157, 162, 171, 206, 208, 211, 220, 233, 240, 242, 253, 272, 290, 291, 292, 294, 300, 308, 318, 335, 341, 356, 357, 370, 371, 374, 381, 391, 413, 416, 430, 432, 438, 442, 459, 470, 481, 495, 499, 505, 507, 508, 517, 518, 528, 557, 572, 579, 580, 581, 585, 602, 609, 616, 617, 618, 632, 637, 638, 668, 670, 671, 678, 691, 698, 702, 714, 715, 726, 733, 736, 738, 744, 750, 755, 757, 767, 768, 782, 784, 790, 793, 795, 799, 814, 818, 821, 822, 832, 850, 874, 875, 885, 893, 896, 899, 914, 918, 933, 962, 963, 974, 981, 983, 1005, 1021, 1025, 1038, 1045, 1049, 1053, 1058, 1075, 1077, 1079, 1082, 1083, 1085, 1091, 1093, 1097, 1099, 1107, 1108, 1124, 1125, 1127, 1141, 1142, 1156, 1161, 1165, 1180, 1187, 1191, 1192, 1196, 1202, 1204, 1211, 1212, 1218, 1220, 1225, 1226, 1257, 1260, 1267, 1286, 1289, 1301, 1304, 1306, 1312, 1318, 1321, 1323, 1325, 1326, 1334, 1335, 1342, 1349, 1360, 1366, 1371, 1376, 1385, 1399, 1409, 1419, 1444, 1457, 1473, 1484, 1485, 1488, 1490, 1493, 1494, 1498, 1503, 1517, 1518, 1526, 1528, 1548, 1553, 1571, 1591, 1604, 1605, 1613, 1615, 1621, 1622, 1641, 1644, 1657, 1670, 1671, 1684, 1687, 1688, 1692, 1711, 1714, 1722, 1723, 1727, 1728, 1730, 1732, 1741, 1745, 1746, 1751, 1766, 1770, 1794, 1797, 1800, 1806, 1811, 1813, 1814, 1829, 1831, 1832, 1836, 1837, 1841, 1848, 1852, 1876, 1877, 1879, 1884, 1885, 1886, 1896, 1900, 1919, 1920, 1931, 1934, 1937, 1939, 1944, 1947, 1964, 1970, 1971, 1975, 1977, 1983, 1984, 1992, 2005, 2009, 2012, 2013, 2015, 2021, 2026, 2046, 2049, 2054, 2057, 2065, 2069, 2078, 2080, 2082, 2085, 2089, 2091, 2093, 2094, 2098, 2102, 2106, 2110, 2150, 2164, 2166, 2181, 2183, 2188, 2203, 2205, 2208, 2210, 2216, 2220, 2226, 2234, 2235, 2237, 2238, 2243, 2252, 2256, 2261, 2267, 2274, 2290, 2321, 2351, 2353, 2361, 2366, 2369, 2381, 2382, 2383, 2385, 2387, 2388, 2396, 2408, 2409, 2414, 2420, 2421, 2423, 2430, 2433, 2435, 2447, 2452, 2453, 2457, 2458, 2462, 2471, 2475, 2478, 2481, 2497, 2505, 2525, 2538, 2544, 2562, 2563, 2598, 2600, 2604, 2610, 2616, 2626, 2642]"
greedy,344,"[10, 43, 44, 54, 121, 133, 134, 171, 267, 270, 272, 277, 280, 306, 326, 331, 337, 338, 346, 356, 371, 374, 413, 425, 459, 470, 489, 495, 499, 502, 507, 508, 518, 521, 529, 537, 545, 547, 575, 594, 609, 612, 614, 616, 617, 618, 627, 652, 671, 691, 702, 705, 706, 715, 716, 726, 755, 766, 781, 787, 790, 793, 799, 800, 814, 821, 829, 836, 850, 852, 858, 869, 874, 898, 899, 911, 914, 939, 947, 950, 992, 996, 1010, 1016, 1021, 1033, 1045, 1069, 1072, 1074, 1076, 1083, 1097, 1106, 1123, 1124, 1126, 1128, 1139, 1141, 1142, 1144, 1152, 1164, 1165, 1192, 1204, 1210, 1223, 1226, 1235, 1240, 1243, 1248, 1249, 1252, 1256, 1264, 1267, 1271, 1280, 1286, 1289, 1302, 1303, 1331, 1334, 1335, 1347, 1349, 1354, 1356, 1358, 1366, 1369, 1379, 1380, 1382, 1385, 1388, 1390, 1399, 1404, 1407, 1410, 1421, 1422, 1430, 1439, 1446, 1452, 1457, 1461, 1477, 1479, 1484, 1488, 1493, 1497, 1508, 1517, 1521, 1527, 1536, 1539, 1553, 1558, 1566, 1574, 1578, 1586, 1587, 1591, 1592, 1595, 1596, 1613, 1621, 1627, 1636, 1638, 1639, 1644, 1645, 1671, 1676, 1681, 1682, 1686, 1706, 1714, 1718, 1719, 1723, 1725, 1727, 1728, 1741, 1750, 1751, 1755, 1759, 1768, 1770, 1775, 1778, 1779, 1786, 1793, 1799, 1800, 1805, 1808, 1819, 1829, 1836, 1841, 1848, 1860, 1861, 1877, 1879, 1890, 1896, 1897, 1903, 1910, 1916, 1917, 1920, 1933, 1934, 1937, 1939, 1954, 1958, 1962, 1970, 1971, 1978, 1991, 2001, 2009, 2010, 2011, 2026, 2030, 2035, 2037, 2045, 2046, 2054, 2057, 2063, 2068, 2069, 2073, 2075, 2078, 2080, 2089, 2091, 2092, 2093, 2099, 2100, 2101, 2110, 2114, 2138, 2147, 2150, 2154, 2161, 2165, 2175, 2181, 2183, 2187, 2206, 2214, 2242, 2243, 2247, 2254, 2256, 2260, 2266, 2270, 2271, 2276, 2278, 2286, 2293, 2298, 2299, 2321, 2323, 2325, 2334, 2341, 2351, 2357, 2358, 2369, 2373, 2381, 2382, 2385, 2402, 2410, 2412, 2414, 2419, 2430, 2443, 2447, 2452, 2453, 2458, 2462, 2463, 2465, 2477, 2478, 2481, 2503, 2526, 2542, 2553, 2560, 2562, 2563, 2571, 2572, 2583, 2595, 2604, 2610, 2611, 2622, 2626, 2627, 2647]"
binary-search,238,"[3, 32, 33, 34, 68, 73, 80, 152, 153, 156, 160, 200, 213, 231, 240, 243, 244, 249, 256, 266, 274, 291, 292, 293, 294, 297, 299, 304, 308, 329, 338, 357, 361, 375, 391, 399, 405, 409, 435, 438, 443, 495, 509, 528, 535, 567, 572, 574, 578, 579, 587, 589, 590, 599, 607, 624, 632, 638, 639, 670, 671, 697, 707, 720, 723, 732, 733, 747, 756, 826, 849, 856, 872, 889, 919, 949, 955, 963, 974, 982, 988, 1005, 1006, 1025, 1034, 1042, 1049, 1082, 1091, 1093, 1095, 1125, 1170, 1201, 1205, 1206, 1210, 1218, 1225, 1236, 1250, 1260, 1268, 1276, 1304, 1322, 1335, 1336, 1343, 1354, 1387, 1388, 1410, 1419, 1427, 1444, 1453, 1461, 1473, 1488, 1494, 1498, 1500, 1506, 1512, 1528, 1531, 1535, 1538, 1555, 1563, 1579, 1588, 1593, 1622, 1623, 1634, 1643, 1647, 1657, 1658, 1666, 1670, 1671, 1678, 1684, 1699, 1703, 1727, 1756, 1763, 1792, 1795, 1800, 1813, 1814, 1818, 1829, 1842, 1852, 1854, 1876, 1877, 1894, 1897, 1920, 1927, 1938, 1949, 1951, 1962, 1970, 1975, 1987, 1993, 2010, 2013, 2022, 2026, 2035, 2036, 2044, 2057, 2058, 2062, 2065, 2067, 2078, 2091, 2095, 2101, 2102, 2114, 2150, 2188, 2208, 2234, 2243, 2255, 2259, 2261, 2263, 2267, 2268, 2286, 2291, 2347, 2359, 2363, 2382, 2383, 2384, 2386, 2393, 2394, 2405, 2406, 2407, 2442, 2443, 2483, 2486, 2487, 2499, 2505, 2507, 2513, 2519, 2527, 2538, 2555, 2596, 2610, 2616, 2619, 2620, 2622, 2636]"
depth-first-search,227,"[93, 97, 98, 99, 100, 103, 109, 110, 111, 112, 113, 115, 116, 123, 128, 129, 132, 143, 144, 190, 191, 198, 201, 202, 217, 221, 226, 227, 234, 254, 263, 276, 279, 283, 285, 298, 314, 315, 317, 328, 333, 344, 345, 352, 358, 368, 382, 388, 412, 418, 421, 422, 423, 436, 437, 441, 446, 448, 457, 460, 462, 466, 476, 477, 490, 496, 501, 511, 523, 524, 526, 531, 536, 538, 539, 543, 549, 550, 552, 555, 559, 581, 591, 598, 604, 606, 608, 614, 624, 629, 631, 633, 643, 647, 659, 672, 679, 684, 686, 696, 708, 710, 717, 731, 742, 769, 773, 779, 783, 792, 796, 804, 810, 813, 816, 824, 832, 833, 838, 865, 867, 871, 873, 879, 881, 883, 887, 910, 927, 934, 948, 958, 978, 983, 984, 1003, 1017, 1020, 1024, 1051, 1053, 1054, 1062, 1066, 1071, 1084, 1104, 1109, 1113, 1114, 1117, 1118, 1120, 1123, 1131, 1173, 1177, 1185, 1189, 1193, 1206, 1234, 1244, 1265, 1272, 1298, 1317, 1322, 1395, 1413, 1432, 1541, 1563, 1568, 1593, 1594, 1609, 1610, 1619, 1654, 1687, 1690, 1691, 1694, 1715, 1767, 1810, 1824, 1864, 1870, 1874, 1875, 1898, 1899, 1905, 1918, 1942, 1963, 1979, 1986, 1993, 1994, 2006, 2043, 2059, 2083, 2097, 2134, 2139, 2149, 2170, 2244, 2288, 2296, 2300, 2343, 2346, 2387, 2446, 2491, 2551, 2576, 2580, 2586, 2634, 2642, 2648]"
bit-manipulation,202,"[28, 66, 77, 88, 89, 135, 136, 178, 181, 182, 192, 213, 222, 236, 240, 249, 268, 284, 286, 301, 318, 322, 326, 330, 334, 347, 380, 383, 389, 392, 393, 403, 434, 512, 517, 539, 556, 558, 562, 608, 611, 625, 628, 630, 650, 655, 677, 692, 706, 709, 713, 743, 788, 802, 825, 827, 840, 841, 854, 863, 936, 968, 969, 1007, 1008, 1018, 1035, 1057, 1065, 1087, 1094, 1099, 1112, 1126, 1143, 1166, 1172, 1185, 1188, 1208, 1215, 1236, 1239, 1253, 1264, 1295, 1299, 1307, 1311, 1340, 1344, 1361, 1362, 1364, 1384, 1393, 1396, 1405, 1409, 1423, 1429, 1448, 1458, 1462, 1470, 1481, 1486, 1507, 1519, 1550, 1561, 1568, 1575, 1606, 1611, 1618, 1640, 1643, 1650, 1722, 1735, 1740, 1752, 1777, 1783, 1789, 1833, 1857, 1858, 1865, 1870, 1891, 1894, 1926, 1930, 1938, 1945, 1950, 1954, 1957, 1961, 2016, 2034, 2050, 2066, 2070, 2073, 2074, 2090, 2096, 2148, 2165, 2168, 2183, 2204, 2211, 2218, 2244, 2271, 2272, 2287, 2289, 2297, 2299, 2323, 2340, 2343, 2352, 2355, 2358, 2375, 2392, 2397, 2403, 2406, 2409, 2419, 2447, 2468, 2470, 2479, 2486, 2487, 2498, 2507, 2511, 2515, 2516, 2527, 2535, 2541, 2555, 2557, 2569, 2607, 2612, 2615, 2629, 2632, 2633, 2637, 2638]"
matrix,200,"[35, 36, 47, 53, 58, 62, 63, 72, 73, 78, 84, 129, 166, 191, 203, 212, 231, 250, 259, 276, 297, 308, 336, 344, 345, 350, 382, 410, 436, 445, 463, 530, 542, 559, 591, 597, 604, 615, 621, 624, 628, 640, 648, 652, 672, 677, 680, 685, 706, 709, 712, 728, 730, 737, 754, 776, 779, 804, 825, 839, 844, 865, 875, 879, 904, 906, 915, 943, 959, 990, 994, 997, 1016, 1017, 1019, 1022, 1024, 1027, 1029, 1035, 1039, 1042, 1043, 1050, 1061, 1075, 1082, 1094, 1095, 1110, 1121, 1131, 1170, 1174, 1190, 1200, 1222, 1248, 1265, 1272, 1274, 1283, 1291, 1294, 1295, 1302, 1322, 1323, 1355, 1383, 1399, 1400, 1409, 1431, 1505, 1518, 1525, 1532, 1538, 1541, 1549, 1557, 1567, 1582, 1593, 1596, 1602, 1609, 1629, 1630, 1632, 1641, 1683, 1713, 1719, 1720, 1730, 1809, 1817, 1818, 1826, 1846, 1856, 1867, 1872, 1874, 1892, 1908, 1923, 1926, 1953, 1959, 1997, 2012, 2015, 2041, 2049, 2059, 2075, 2079, 2097, 2112, 2115, 2132, 2136, 2149, 2152, 2164, 2169, 2186, 2188, 2204, 2255, 2283, 2331, 2344, 2351, 2364, 2380, 2426, 2428, 2438, 2449, 2450, 2490, 2492, 2504, 2510, 2545, 2547, 2558, 2568, 2578, 2579, 2581, 2591, 2592, 2607, 2614, 2635]"
breadth-first-search,186,"[99, 100, 101, 102, 103, 106, 110, 111, 115, 116, 125, 126, 129, 132, 190, 191, 198, 201, 217, 245, 254, 257, 263, 271, 276, 298, 328, 333, 336, 344, 351, 354, 368, 382, 402, 421, 422, 423, 436, 437, 445, 448, 457, 496, 501, 511, 524, 526, 531, 539, 542, 549, 550, 555, 559, 581, 591, 598, 604, 605, 608, 614, 621, 624, 629, 631, 633, 643, 647, 660, 672, 684, 686, 692, 699, 708, 709, 710, 731, 754, 764, 769, 773, 779, 803, 804, 810, 812, 832, 838, 839, 865, 879, 881, 887, 915, 920, 934, 938, 958, 959, 983, 984, 990, 1017, 1020, 1022, 1024, 1035, 1043, 1047, 1051, 1054, 1058, 1062, 1066, 1090, 1104, 1110, 1117, 1118, 1120, 1131, 1173, 1177, 1185, 1189, 1193, 1206, 1234, 1265, 1272, 1305, 1317, 1322, 1339, 1431, 1541, 1557, 1593, 1594, 1609, 1610, 1646, 1651, 1662, 1687, 1694, 1730, 1767, 1818, 1846, 1864, 1874, 1905, 1918, 1942, 1979, 1986, 1990, 1994, 2006, 2007, 2015, 2059, 2079, 2085, 2097, 2107, 2111, 2115, 2134, 2149, 2170, 2255, 2283, 2288, 2398, 2413, 2491, 2551, 2576, 2582, 2612, 2614, 2634]"
two-pointers,176,"[4, 10, 14, 15, 17, 18, 25, 26, 27, 30, 41, 60, 74, 79, 81, 85, 87, 124, 140, 141, 142, 147, 150, 155, 158, 160, 180, 193, 225, 247, 249, 253, 270, 288, 289, 291, 292, 321, 363, 374, 376, 391, 397, 430, 432, 438, 444, 454, 455, 464, 470, 495, 509, 519, 524, 528, 547, 560, 579, 612, 623, 632, 641, 654, 666, 670, 671, 677, 683, 689, 690, 715, 721, 726, 750, 762, 767, 768, 770, 787, 793, 814, 822, 831, 868, 885, 893, 913, 950, 960, 1006, 1078, 1091, 1125, 1183, 1196, 1218, 1225, 1249, 1276, 1279, 1310, 1360, 1376, 1387, 1394, 1418, 1422, 1423, 1430, 1433, 1444, 1453, 1468, 1497, 1500, 1505, 1517, 1535, 1585, 1587, 1616, 1643, 1689, 1698, 1700, 1701, 1711, 1717, 1733, 1742, 1768, 1773, 1800, 1852, 1876, 1881, 1904, 1925, 1934, 1937, 1964, 1980, 1982, 1984, 1991, 2001, 2005, 2015, 2020, 2044, 2064, 2065, 2067, 2072, 2078, 2093, 2175, 2261, 2262, 2286, 2328, 2330, 2335, 2357, 2384, 2386, 2405, 2407, 2497, 2538, 2544, 2578, 2579, 2627, 2639]"
tree,175,"[93, 94, 95, 97, 98, 99, 100, 101, 102, 103, 104, 105, 106, 107, 108, 109, 110, 111, 112, 113, 115, 116, 123, 128, 143, 144, 165, 190, 213, 217, 221, 226, 227, 234, 254, 278, 283, 285, 333, 350, 351, 358, 368, 369, 412, 418, 421, 423, 437, 441, 446, 456, 457, 460, 466, 476, 477, 490, 496, 501, 511, 523, 524, 525, 526, 531, 536, 538, 552, 555, 564, 565, 566, 629, 659, 679, 708, 710, 717, 734, 739, 742, 764, 783, 796, 803, 810, 813, 816, 824, 832, 833, 838, 843, 853, 867, 871, 873, 883, 910, 922, 927, 934, 948, 958, 1020, 1051, 1053, 1062, 1071, 1084, 1104, 1109, 1113, 1114, 1117, 1118, 1120, 1123, 1173, 1177, 1185, 1206, 1234, 1244, 1273, 1298, 1305, 1311, 1392, 1432, 1551, 1563, 1610, 1619, 1654, 1690, 1771, 1802, 1810, 1824, 1870, 1875, 1905, 1918, 1942, 1947, 1963, 1979, 1986, 1990, 1993, 1994, 2019, 2043, 2083, 2085, 2103, 2134, 2139, 2161, 2244, 2280, 2296, 2300, 2343, 2346, 2387, 2446, 2447, 2551, 2580, 2586, 2642, 2648]"
prefix-sum,154,"[200, 229, 258, 259, 297, 338, 409, 431, 433, 435, 458, 574, 583, 589, 590, 644, 658, 693, 707, 748, 819, 840, 845, 849, 906, 918, 926, 935, 944, 968, 988, 1011, 1042, 1057, 1061, 1112, 1151, 1158, 1159, 1160, 1172, 1203, 1238, 1256, 1288, 1289, 1290, 1343, 1348, 1357, 1365, 1367, 1380, 1387, 1403, 1408, 1409, 1414, 1434, 1481, 1488, 1499, 1501, 1506, 1513, 1514, 1518, 1528, 1530, 1531, 1532, 1550, 1561, 1571, 1608, 1629, 1634, 1635, 1658, 1693, 1699, 1710, 1719, 1729, 1751, 1778, 1780, 1788, 1791, 1809, 1814, 1816, 1828, 1829, 1838, 1854, 1914, 1915, 1920, 1922, 1927, 1934, 1946, 1953, 1961, 1962, 1970, 1998, 2000, 2003, 2035, 2041, 2055, 2061, 2076, 2089, 2090, 2102, 2113, 2133, 2165, 2166, 2203, 2232, 2279, 2281, 2303, 2331, 2365, 2367, 2383, 2385, 2395, 2413, 2415, 2422, 2424, 2449, 2455, 2463, 2469, 2494, 2495, 2509, 2513, 2533, 2541, 2558, 2567, 2568, 2587, 2588, 2596, 2636]"
heap-priority-queue,153,"[22, 206, 209, 230, 239, 253, 290, 295, 303, 308, 336, 346, 370, 396, 413, 416, 499, 507, 508, 528, 529, 542, 557, 566, 598, 616, 624, 632, 633, 700, 702, 707, 716, 727, 757, 818, 891, 899, 918, 965, 1022, 1025, 1082, 1083, 1097, 1098, 1110, 1124, 1128, 1144, 1161, 1162, 1169, 1170, 1191, 1210, 1219, 1230, 1303, 1322, 1331, 1335, 1358, 1366, 1367, 1375, 1382, 1409, 1421, 1440, 1447, 1452, 1460, 1478, 1485, 1492, 1498, 1518, 1522, 1547, 1570, 1586, 1605, 1642, 1657, 1692, 1695, 1730, 1744, 1759, 1779, 1797, 1799, 1841, 1846, 1877, 1879, 1880, 1884, 1885, 1886, 1889, 1893, 1896, 1919, 1927, 1931, 1934, 1949, 1975, 1977, 1982, 2009, 2012, 2015, 2021, 2037, 2039, 2046, 2054, 2060, 2079, 2094, 2110, 2115, 2135, 2153, 2164, 2177, 2223, 2256, 2351, 2359, 2362, 2375, 2387, 2388, 2411, 2443, 2445, 2457, 2458, 2466, 2482, 2491, 2526, 2597, 2599, 2606, 2614, 2622, 2641, 2644]"
simulation,151,"[42, 53, 58, 66, 67, 235, 250, 339, 342, 407, 410, 440, 463, 479, 514, 527, 548, 592, 604, 677, 689, 712, 719, 730, 791, 795, 830, 844, 851, 886, 918, 921, 997, 1015, 1019, 1027, 1070, 1129, 1148, 1171, 1221, 1233, 1247, 1255, 1266, 1268, 1284, 1297, 1300, 1333, 1361, 1368, 1377, 1378, 1383, 1460, 1464, 1476, 1504, 1531, 1545, 1549, 1552, 1560, 1573, 1624, 1632, 1637, 1649, 1659, 1669, 1672, 1674, 1677, 1698, 1701, 1709, 1724, 1733, 1742, 1749, 1754, 1757, 1758, 1774, 1782, 1790, 1807, 1817, 1847, 1849, 1850, 1855, 1872, 1873, 1892, 1896, 1902, 1913, 1921, 1931, 1980, 1982, 1997, 2012, 2014, 2017, 2039, 2052, 2056, 2060, 2064, 2084, 2094, 2097, 2151, 2164, 2167, 2174, 2191, 2209, 2213, 2220, 2226, 2253, 2324, 2364, 2376, 2377, 2388, 2424, 2432, 2445, 2448, 2451, 2457, 2473, 2518, 2524, 2528, 2529, 2532, 2533, 2565, 2581, 2585, 2597, 2599, 2602, 2629, 2645]"
stack,134,"[19, 31, 41, 70, 83, 84, 93, 113, 142, 143, 144, 149, 154, 165, 215, 216, 218, 223, 225, 267, 270, 278, 285, 314, 317, 323, 331, 364, 375, 402, 408, 414, 470, 476, 477, 478, 510, 525, 545, 548, 585, 592, 593, 595, 617, 618, 619, 689, 698, 701, 725, 740, 742, 746, 752, 766, 781, 791, 807, 820, 848, 851, 853, 864, 866, 892, 911, 920, 924, 928, 935, 939, 965, 976, 989, 1012, 1122, 1171, 1197, 1199, 1222, 1240, 1252, 1254, 1276, 1296, 1308, 1338, 1356, 1377, 1390, 1440, 1453, 1501, 1533, 1545, 1572, 1587, 1613, 1616, 1631, 1639, 1697, 1706, 1717, 1772, 1782, 1786, 1838, 1845, 1850, 1878, 1910, 1921, 1958, 1975, 2002, 2091, 2115, 2138, 2174, 2208, 2220, 2256, 2258, 2260, 2294, 2295, 2359, 2363, 2483, 2526, 2528, 2572]"
counting,133,"[162, 220, 255, 290, 312, 316, 370, 481, 499, 557, 616, 656, 664, 714, 729, 745, 759, 768, 790, 837, 855, 899, 909, 914, 937, 957, 975, 996, 1024, 1092, 1099, 1107, 1108, 1111, 1134, 1139, 1157, 1204, 1217, 1228, 1234, 1300, 1342, 1364, 1381, 1398, 1408, 1412, 1416, 1439, 1443, 1450, 1469, 1474, 1499, 1502, 1516, 1534, 1569, 1617, 1620, 1626, 1627, 1633, 1635, 1638, 1656, 1668, 1680, 1718, 1732, 1734, 1750, 1759, 1762, 1765, 1777, 1794, 1808, 1811, 1833, 1839, 1840, 1843, 1883, 1887, 1891, 1901, 1917, 1932, 1943, 1948, 1965, 1974, 2011, 2016, 2023, 2033, 2036, 2038, 2051, 2088, 2217, 2269, 2286, 2298, 2376, 2393, 2394, 2404, 2414, 2430, 2433, 2438, 2440, 2450, 2458, 2461, 2462, 2493, 2501, 2502, 2506, 2514, 2536, 2537, 2538, 2566, 2571, 2577, 2598, 2600, 2636]"
binary-tree,130,"[93, 94, 95, 97, 98, 99, 100, 101, 102, 103, 104, 105, 106, 107, 108, 109, 110, 111, 112, 113, 115, 116, 123, 128, 143, 144, 165, 190, 213, 217, 221, 226, 227, 234, 254, 278, 283, 333, 358, 368, 369, 412, 418, 421, 423, 437, 441, 446, 460, 466, 490, 496, 501, 511, 523, 524, 525, 526, 531, 536, 538, 552, 564, 565, 566, 629, 659, 708, 710, 717, 734, 739, 742, 764, 783, 796, 803, 810, 813, 816, 824, 832, 833, 838, 843, 853, 867, 871, 873, 883, 910, 922, 927, 934, 948, 958, 1020, 1051, 1053, 1062, 1071, 1084, 1104, 1109, 1113, 1114, 1120, 1123, 1177, 1185, 1244, 1273, 1305, 1563, 1654, 1690, 1771, 1802, 1824, 1875, 1918, 1942, 1979, 1990, 1993, 2019, 2085, 2134, 2161, 2642]"
graph,120,"[132, 198, 201, 263, 276, 279, 328, 448, 549, 550, 598, 606, 614, 631, 633, 643, 647, 679, 686, 692, 696, 727, 731, 758, 769, 773, 792, 835, 842, 887, 938, 978, 984, 1047, 1058, 1066, 1080, 1104, 1110, 1118, 1189, 1193, 1211, 1215, 1230, 1263, 1281, 1285, 1291, 1309, 1323, 1376, 1392, 1400, 1428, 1444, 1447, 1451, 1502, 1551, 1559, 1594, 1597, 1646, 1651, 1655, 1667, 1675, 1687, 1691, 1694, 1705, 1715, 1767, 1776, 1806, 1810, 1841, 1846, 1864, 1874, 1898, 1899, 1905, 1909, 1923, 1947, 1986, 1994, 2006, 2007, 2009, 2018, 2079, 2103, 2107, 2135, 2139, 2153, 2170, 2177, 2280, 2288, 2304, 2345, 2375, 2390, 2391, 2413, 2415, 2479, 2482, 2491, 2551, 2580, 2582, 2583, 2614, 2634, 2635]"
sliding-window,117,"[2, 29, 75, 178, 200, 210, 211, 230, 324, 340, 349, 359, 396, 464, 481, 508, 516, 528, 574, 578, 682, 707, 749, 823, 837, 840, 849, 876, 889, 897, 954, 988, 1004, 1011, 1046, 1088, 1101, 1160, 1162, 1169, 1184, 1201, 1214, 1219, 1306, 1337, 1343, 1374, 1380, 1429, 1488, 1489, 1513, 1516, 1527, 1604, 1623, 1634, 1685, 1699, 1721, 1739, 1820, 1827, 1854, 1912, 1927, 1930, 1938, 1967, 1981, 2025, 2035, 2042, 2058, 2145, 2202, 2216, 2221, 2223, 2234, 2236, 2246, 2268, 2275, 2303, 2327, 2329, 2352, 2355, 2370, 2374, 2378, 2383, 2393, 2394, 2411, 2463, 2464, 2468, 2470, 2499, 2541, 2552, 2554, 2575, 2589, 2590, 2593, 2596, 2623, 2624, 2630, 2631, 2641, 2644, 2646]"
design,90,"[145, 154, 165, 199, 202, 216, 223, 248, 253, 254, 258, 259, 261, 285, 293, 295, 309, 310, 353, 368, 379, 439, 500, 515, 543, 544, 566, 568, 569, 570, 576, 587, 589, 590, 600, 700, 740, 745, 746, 756, 764, 778, 826, 877, 949, 955, 965, 986, 1020, 1036, 1093, 1096, 1100, 1122, 1136, 1197, 1200, 1206, 1298, 1300, 1315, 1341, 1353, 1456, 1478, 1492, 1509, 1547, 1610, 1626, 1642, 1649, 1669, 1678, 1695, 1747, 1796, 1805, 1834, 1842, 1850, 1880, 1889, 1893, 1949, 2014, 2033, 2135, 2159, 2581]"
enumeration,88,"[195, 395, 661, 674, 690, 714, 751, 815, 1041, 1246, 1270, 1299, 1311, 1313, 1317, 1327, 1507, 1556, 1577, 1582, 1612, 1627, 1630, 1635, 1650, 1653, 1679, 1688, 1711, 1735, 1743, 1751, 1783, 1798, 1804, 1806, 1812, 1819, 1821, 1858, 1859, 1860, 1904, 1926, 1952, 1960, 1963, 1966, 2055, 2104, 2183, 2207, 2222, 2225, 2228, 2233, 2247, 2277, 2278, 2290, 2348, 2349, 2354, 2365, 2368, 2375, 2384, 2389, 2401, 2408, 2417, 2421, 2423, 2438, 2465, 2484, 2492, 2497, 2503, 2547, 2548, 2575, 2591, 2592, 2598, 2600, 2603, 2633]"
backtracking,83,"[16, 21, 36, 38, 39, 45, 46, 50, 51, 76, 77, 78, 88, 89, 92, 94, 112, 125, 130, 139, 203, 207, 234, 246, 257, 260, 296, 330, 389, 403, 406, 434, 512, 546, 556, 562, 630, 643, 661, 687, 812, 825, 833, 841, 909, 920, 994, 1007, 1008, 1009, 1018, 1036, 1055, 1153, 1194, 1293, 1299, 1340, 1391, 1396, 1438, 1458, 1496, 1507, 1575, 1601, 1606, 1618, 1627, 1650, 1653, 1659, 1667, 1735, 1755, 1783, 1857, 1910, 1926, 2098, 2176, 2183, 2227]"
database,78,"[167, 168, 169, 170, 172, 173, 174, 175, 176, 177, 187, 188, 237, 420, 449, 465, 469, 472, 473, 474, 482, 483, 487, 488, 491, 492, 494, 497, 498, 503, 504, 890, 895, 901, 902, 907, 912, 945, 951, 956, 961, 966, 970, 979, 985, 991, 1014, 1031, 1068, 1073, 1086, 1119, 1133, 1146, 1207, 1232, 1241, 1282, 1287, 1324, 1345, 1350, 1363, 1372, 1401, 1402, 1411, 1424, 1449, 1454, 1515, 1529, 1543, 1564, 1589, 1599, 1895, 2564]"
union-find,65,"[127, 129, 191, 328, 448, 549, 550, 559, 581, 614, 624, 631, 648, 672, 684, 731, 769, 773, 792, 797, 804, 835, 865, 900, 983, 1017, 1024, 1066, 1104, 1131, 1211, 1265, 1273, 1281, 1285, 1319, 1322, 1323, 1376, 1395, 1541, 1593, 1594, 1615, 1619, 1675, 1687, 1740, 1864, 1878, 1905, 1915, 1947, 1949, 2006, 2007, 2015, 2075, 2115, 2149, 2184, 2255, 2366, 2479, 2576]"
linked-list,64,"[1, 18, 20, 22, 23, 24, 60, 81, 82, 85, 91, 108, 113, 115, 116, 137, 140, 141, 142, 145, 146, 147, 155, 194, 197, 225, 228, 275, 295, 311, 352, 353, 364, 379, 500, 515, 568, 569, 570, 584, 662, 721, 864, 964, 986, 1040, 1109, 1197, 1352, 1353, 1394, 1456, 1661, 1673, 1689, 1717, 1758, 1845, 1850, 1872, 2002, 2250, 2258, 2561]"
number-theory,56,"[195, 235, 703, 711, 759, 797, 982, 1013, 1176, 1213, 1319, 1406, 1432, 1458, 1466, 1474, 1577, 1600, 1615, 1617, 1760, 1772, 1837, 1882, 1886, 1940, 1952, 1969, 1989, 2017, 2022, 2029, 2031, 2047, 2086, 2101, 2106, 2112, 2146, 2184, 2217, 2222, 2250, 2260, 2292, 2296, 2365, 2367, 2410, 2438, 2485, 2486, 2574, 2595, 2636, 2647]"
ordered-set,51,"[209, 211, 266, 274, 293, 297, 375, 405, 409, 563, 576, 587, 589, 590, 695, 700, 740, 820, 1093, 1156, 1169, 1303, 1336, 1358, 1473, 1478, 1494, 1547, 1642, 1643, 1695, 1756, 1784, 1814, 1834, 1880, 1889, 1893, 1900, 1915, 1949, 1951, 2111, 2150, 2188, 2223, 2224, 2259, 2466, 2475, 2583]"
monotonic-stack,50,"[41, 83, 84, 267, 270, 331, 375, 408, 414, 470, 525, 595, 617, 618, 698, 746, 752, 807, 820, 853, 864, 911, 935, 939, 1199, 1222, 1240, 1276, 1356, 1440, 1453, 1501, 1572, 1613, 1639, 1697, 1838, 1845, 1878, 1975, 2002, 2115, 2208, 2260, 2294, 2295, 2359, 2363, 2483, 2572]"
segment-tree,43,"[209, 261, 266, 274, 335, 405, 540, 563, 576, 587, 589, 590, 695, 955, 1135, 1223, 1236, 1315, 1336, 1367, 1678, 1756, 1784, 1834, 1842, 1935, 1949, 1951, 2071, 2150, 2208, 2339, 2347, 2359, 2451, 2487, 2519, 2523, 2527, 2539, 2555, 2619, 2620]"
trie,42,"[13, 138, 139, 199, 202, 203, 282, 315, 347, 360, 388, 520, 543, 544, 557, 580, 600, 638, 665, 868, 877, 969, 1003, 1025, 1063, 1384, 1462, 1568, 1576, 1796, 1821, 1943, 2182, 2352, 2355, 2391, 2436, 2437, 2439, 2454, 2467, 2619]"
divide-and-conquer,41,"[3, 22, 52, 104, 105, 107, 108, 147, 162, 181, 182, 206, 209, 231, 266, 272, 274, 290, 302, 324, 350, 405, 456, 525, 734, 757, 763, 777, 818, 1123, 1273, 1336, 1409, 1429, 1603, 1605, 1756, 1885, 1935, 1951, 2523]"
recursion,39,"[1, 9, 20, 23, 24, 43, 49, 59, 142, 194, 197, 215, 222, 224, 225, 232, 241, 273, 286, 319, 323, 401, 419, 593, 610, 619, 625, 739, 924, 1255, 1466, 1476, 1554, 1592, 2002, 2053, 2557, 2629, 2632]"
bitmask,39,"[383, 389, 434, 512, 556, 562, 650, 692, 788, 841, 936, 1018, 1094, 1166, 1215, 1295, 1311, 1340, 1344, 1362, 1396, 1423, 1458, 1470, 1519, 1575, 1606, 1611, 1618, 1643, 1752, 1857, 2074, 2211, 2244, 2403, 2511, 2607, 2612]"
queue,37,"[216, 223, 230, 285, 316, 500, 515, 521, 707, 763, 778, 781, 795, 840, 1096, 1162, 1169, 1219, 1353, 1367, 1375, 1377, 1476, 1478, 1671, 1672, 1873, 1927, 1935, 1967, 2033, 2035, 2223, 2362, 2363, 2487, 2541]"
memoization,37,"[69, 138, 139, 232, 276, 326, 383, 402, 419, 447, 512, 562, 739, 758, 809, 941, 1127, 1174, 1261, 1273, 1277, 1307, 1344, 1400, 1470, 1502, 1537, 1631, 1861, 1862, 1866, 1874, 2188, 2304, 2398, 2434, 2515]"
combinatorics,36,"[61, 377, 765, 982, 1102, 1194, 1273, 1314, 1330, 1332, 1406, 1482, 1507, 1510, 1551, 1665, 1790, 1882, 1929, 2023, 2098, 2276, 2348, 2349, 2350, 2371, 2379, 2486, 2493, 2515, 2533, 2587, 2588, 2603, 2636, 2640]"
geometry,32,"[148, 214, 281, 394, 475, 480, 657, 681, 703, 728, 737, 784, 808, 818, 875, 882, 1002, 1023, 1140, 1182, 1231, 1306, 1480, 1694, 1812, 1837, 1996, 2421, 2423, 2441, 2475, 2576]"
binary-indexed-tree,30,"[209, 261, 266, 274, 335, 405, 540, 955, 1135, 1148, 1223, 1336, 1588, 1756, 1768, 1813, 1842, 1935, 1949, 1951, 2055, 2150, 2208, 2339, 2347, 2359, 2451, 2519, 2539, 2584]"
hash-function,30,"[178, 205, 439, 466, 568, 569, 578, 889, 950, 1063, 1132, 1188, 1555, 1576, 1584, 1739, 1792, 1821, 1955, 2405, 2407, 2425, 2427, 2429, 2431, 2436, 2439, 2619, 2620, 2648]"
string-matching,29,"[27, 205, 378, 466, 551, 642, 868, 1132, 1137, 1147, 1183, 1351, 1430, 1761, 1792, 1853, 1955, 2284, 2405, 2407, 2425, 2427, 2429, 2431, 2436, 2439, 2619, 2620, 2628]"
binary-search-tree,29,"[94, 95, 97, 98, 107, 108, 165, 221, 226, 368, 369, 412, 437, 441, 524, 536, 564, 565, 566, 629, 742, 783, 853, 883, 1053, 1114, 1123, 1273, 1993]"
topological-sort,25,"[198, 201, 263, 276, 647, 696, 758, 984, 1189, 1291, 1323, 1400, 1447, 1502, 1551, 1597, 1655, 1705, 1715, 1767, 1810, 1874, 1899, 1923, 2103]"
game-theory,24,"[252, 305, 383, 401, 655, 688, 722, 758, 870, 944, 1145, 1227, 1267, 1269, 1366, 1370, 1400, 1514, 1558, 1638, 1645, 2565, 2570, 2612]"
rolling-hash,24,"[178, 205, 578, 889, 950, 1063, 1132, 1188, 1555, 1584, 1739, 1792, 1821, 1955, 2405, 2407, 2425, 2427, 2429, 2431, 2436, 2439, 2619, 2620]"
shortest-path,22,"[328, 598, 633, 727, 1080, 1110, 1230, 1447, 1597, 1651, 1776, 1846, 2079, 2135, 2153, 2177, 2375, 2390, 2391, 2482, 2491, 2614]"
monotonic-queue,15,"[230, 707, 763, 1162, 1169, 1219, 1367, 1375, 1671, 1927, 1935, 1967, 2223, 2362, 2363]"
brainteaser,15,"[252, 269, 655, 870, 878, 1001, 1221, 1925, 1945, 1950, 2070, 2203, 2214, 2218, 2570]"
data-stream,13,"[253, 566, 746, 778, 877, 1096, 1197, 1341, 1353, 1478, 1642, 1695, 2033]"
randomized,12,"[309, 310, 311, 313, 327, 387, 394, 409, 427, 435, 572, 1231]"
merge-sort,9,"[22, 147, 266, 274, 405, 757, 1336, 1756, 1951]"
quickselect,7,"[206, 272, 290, 818, 1409, 1605, 1885]"
counting-sort,7,"[242, 459, 757, 896, 933, 1484, 1644]"
doubly-linked-list,7,"[145, 352, 353, 379, 1197, 1456, 1850]"
probability-and-statistics,6,"[387, 653, 682, 917, 1001, 1194]"
concurrency,6,"[929, 930, 931, 932, 980, 1000]"
bucket-sort,6,"[157, 211, 290, 370, 557, 757]"
interactive,5,"[244, 304, 688, 919, 1006]"
iterator,5,"[165, 248, 285, 745, 1036]"
suffix-array,5,"[889, 1555, 1598, 1792, 2559]"
reservoir-sampling,4,"[311, 327, 409, 427]"
line-sweep,4,"[209, 320, 695, 1498]"
shell,4,"[183, 184, 185, 186]"
eulerian-circuit,3,"[279, 606, 1691]"
radix-sort,3,"[157, 757, 1885]"
strongly-connected-component,3,"[1211, 1272, 2280]"
rejection-sampling,2,"[387, 394]"
minimum-spanning-tree,2,"[1211, 1285]"
biconnected-component,1,[978]
